glottocode	clim_PC1	clim_PC2	clim_PC3	latitude	longitude
abkh1242	1.32418891397057	-2.28715271098263	0.68753220182664	43.06	41.16
abua1244	-4.45652552242029	-1.15918785920089	0.0487155772629425	4.831	6.615
acol1236	-2.02839408725593	1.4377549584724	1.8109700119694	3.577	32.515
afro1255	-2.76056726667917	1.31735765645954	0.382870375459269	8.67	8.08
ainu1240	3.51510558684669	-1.43218028498769	-0.908466446398372	43.634	142.462
ainu1252	3.51510558684669	-1.43218028498769	-0.908466446398372	43.63	142.46
alba1267	1.32158167684982	-0.417202949623954	0.973811879936567	41	20
alge1239	2.02689441588372	1.01649080328521	1.73137483447067	35.421	3.23
amha1245	0.157751254526404	0.73574322173832	0.295779367307358	11.708	39.543
anga1288	-1.25866812499532	0.502092358148914	-1.62832223547109	25.684	93.867
araw1281	-5.59554329477359	-4.4196029014467	0.84069015232839	1	290.83
assa1263	-2.40395693794992	0.526562650481714	-2.71409872149336	26.088	91.293
assy1241	1.1246050045168	2.60488335976384	0.49189907435537	36.75	43
atha1245	4.69250994758444	-0.862154593005473	0.333258467887822	53.75	236.5
atla1278	-2.93783271042153	1.492699775844	0.349756124154254	8.75	8.25
aust1305	-2.35086167349254	2.02684170670298	0.0900968028844926	14.83	100.5
aust1307	-1.67088867870791	-1.5613726868709	-2.38429719762102	23.76	120.98
awng1244	-1.60866052532598	-0.256362675920413	0.27281296552848	10.982	36.692
ayma1253	2.70639401244607	0.0358594253090891	0.93529498656261	-17	291.5
basq1248	1.20124546507042	-1.82899688789901	1.29067720006034	43.28	-1.32
bela1254	3.64269165542647	-1.14541409789378	-0.155882086645973	53.231	25.604
bhil1251	-1.17537116146931	2.84494436165509	-0.620103877865944	20.85	73.959
biet1238	-2.30314764426572	-0.325183715026045	-2.79568987198062	24.274	92.943
bulg1262	2.72683761687414	-0.107889723211102	0.24199519117811	43.365	25.047
carn1240	-3.90030948402009	-0.928187337172315	0.660992394989145	9.189	92.767
cent2127	5.20583206371922	-1.5636996275781	-0.631986445121946	60.306	198.514
cent2132	0.331361625936303	1.30259737304282	0.894497855125886	19.125	261.7
cent2142	2.70639401244607	0.0358594253090891	0.93529498656261	-17	291.5
cent2150	-5.7569220762628	-3.77513509186663	-1.00232478025507	6.887	287.903
cham1312	-4.15774471986994	-1.28072233770841	-0.0964193906141402	13.438	144.745
chib1249	-4.02643270896717	-3.95490060784253	-0.547545184988877	9.75	276.58
chig1238	-0.463568037685945	-0.73072504525898	1.85551729133695	-1.044	29.912
chot1239	-1.79927930200563	0.065861899794936	-2.75427569789189	24.372	94.241
chuv1255	4.74593419540033	-0.750216603270487	-0.898422825520506	55.487	47.163
czec1258	3.18827889570002	-0.986153513080782	0.0916139348544114	49.873	15.104
dani1285	2.86331980025767	-2.10539859231245	0.714468834217655	54.866	9.363
dhan1264	-2.72796599806132	2.4268163925987	-2.56375752741847	20.772	73.742
drav1251	-1.90020256752482	3.19359459373817	-1.72359911886806	21.53	79.92
dubl1239	-2.28547858540383	3.32387655356428	-1.48258236449579	21.516	73.218
dutc1256	2.60323264877044	-1.89752758544579	1.19319749131212	52	5
erzy1239	4.47071277992181	-0.577147190224921	-0.580172071115562	52.855	45.39
eski1264	5.80079026751319	-2.46187883575211	-0.0290153111704585	63.69	189.52
fiji1243	-4.17588345408876	-3.60149986519087	-0.610012059889409	-18	178.33
finn1318	4.72046141421018	-1.17404995648745	-0.185710041363499	64.763	25.558
gami1242	-2.63013205935475	2.80534641823907	-2.23557928025661	21.07	73.684
gand1255	-1.67568030023964	0.11232345129156	1.95042929084359	0.669	32.152
guja1252	-0.963228582147459	4.11987396590576	-0.473606553663514	22.687	71.096
gusi1247	-1.88345115627454	-1.31970234217181	1.58676881772551	-0.789	34.768
hadz1240	-0.766617652892242	1.46304853536529	0.972620927323032	-3.83	35.05
hakk1236	-0.38514525149861	-0.126492969571803	-1.37578050436892	25	116
haus1257	-1.59916219175066	2.91240439294271	-0.0492877952843482	11.151	8.78
hebr1245	1.22277322100034	2.19266204587763	1.45776298555869	31.106	35.018
hind1269	-1.08299688793894	3.7429157008828	-1.24433841793687	25	77
hung1274	2.85493732960268	-0.292447492261534	0.333059529913845	46.907	19.656
indo1319	1.10100461475852	2.51399896140606	0.741291923805906	34	71.55
ital1282	1.69257044289093	-0.876592976553736	1.09260253132015	43.046	12.649
japo1237	1.57713908567644	-0.848144570768483	-1.426041518223	37	140
jiva1245	-4.01750223975544	-4.09064266008563	1.0036804588891	-3.45	281.81
jola1263	-2.25968992613094	3.06875504142403	-0.507958999907501	12.758	-15.735
kaba1278	3.24837221125207	-0.777804682609347	-0.211920379405421	43.508	43.392
kala1399	6.78150172191793	-3.15698473787765	0.246188378996107	69.376	307.136
kara1465	3.5845048034982	-1.4682140156962	-0.124462709989053	43.565	42.261
kaya1330	-2.6304665086445	0.91412002210266	0.050409368119177	-7.774	308.326
khan1278	-5.00789248870383	-1.62858702236447	-0.395927009046595	4.709	7.444
kiku1240	0.195638524946072	-1.75836375359839	1.23775326319969	-0.29	36.719
kili1267	-5.79346525548349	-4.59967234117403	0.0718194429805448	-8.726	151.072
komi1268	5.74826066669804	-1.54925527455794	-0.774470082840008	64.053	54.946
komi1269	5.03740089192701	-1.20302327347754	-0.838364120772325	59.66	54.796
konk1267	-1.05877148876241	2.80012541456518	0.0497263234986667	19.241	73.917
kore1280	2.0731218825021	-0.0408851003364106	-3.04197839058514	37.5	128
kore1284	2.0731218825021	-0.0408851003364106	-3.04197839058514	37.5	128
krah1246	-2.96022171142115	1.14611677819782	1.00522980311316	-8.012	312.423
krio1252	-0.887663851351702	2.96721890502471	-0.026987902105719	-18.135	137.669
kurd1259	1.75668326046266	1.69781349968783	0.154726345883377	35.65	45.81
laca1243	-3.37537890750008	-0.351086659660627	-0.850463168803715	17.021	268.577
latv1249	3.70389143796447	-1.4057323824349	-0.110401124139398	56.826	24.309
liby1240	0.525721588170876	4.49084443154473	0.516266799545299	22.003	15.001
ling1263	-3.26562810472124	-1.01014795914796	1.53770580226134	1.403	19.783
lule1254	5.19339343491226	-2.84349800214344	-0.0801160928089463	67.276	17.806
luok1236	-1.70355033949078	-0.0025150711542204	1.65070921300417	-0.933	34.49
maha1287	0.738488446403478	-1.08539966654244	-1.40370160332661	31.009	77.532
mand1415	2.44098236765932	1.61338753490582	-2.74872160553409	40.021	116.228
manx1243	2.19441019348932	-2.75094563289166	1.22161317488278	54.26	-4.454
maor1246	0.494553269165807	-3.1832310425985	1.53931746227228	-38.288	176.541
mara1378	-1.36693773105209	2.89356083172699	-0.119869197416496	17.934	76.667
mari1278	4.79971432937091	-0.855637194098143	-0.89900219516697	55.83	48.41
maya1287	-0.954332770652535	0.0701967672036148	-0.108025295250807	15.42	268.17
mesc1238	2.51255880101372	0.575706496865945	0.385005051622814	33.129	254.434
meso1252	1.21550672942691	3.8071072431028	1.11993060866246	33.818	43.11
minn1241	-0.3668894487267	0.412155845126616	-0.40963394488853	24.5	118.17
mode1248	2.27945998866256	0.174063822225362	0.665908790814853	42.322	24.87
moks1248	4.34485519625191	-0.778128106555236	-0.557892868858887	54.186	42.673
moro1292	1.0896680482972	2.48819359839019	1.62787325551709	32.5	-7.5
muyu1244	-6.32227121152075	-5.7616433906385	0.246314822443553	-9.195	152.731
nava1243	3.06866528088743	1.26774212777516	0.807924418218984	36.211	249.918
nene1249	7.14023031440689	-1.97599826583626	-1.21228141159395	66.178	71.023
nepa1254	-1.36179296835997	-0.446315259761883	-3.78340545656026	28	85
newa1246	-2.38745522734332	0.801731860307356	-3.88643628705875	27.261	84.958
nhen1239	-5.37885671706065	-3.55370549253394	1.15512286208815	1.045	293.035
nilo1247	-2.31967259068079	0.991859215684063	1.30281829222801	4.75	29.75
nort2945	5.71097424981392	-1.34642567397339	-0.744322162371306	64.78	198.193
norw1258	3.65019220606963	-1.81431794177573	0.129138721952945	59.92	10.71
nucl1235	4.30028752490393	-0.57367903632499	0.415586225111402	40	45
nucl1301	2.86321357761273	0.686610742355972	1.15746984888557	39.867	32.867
nucl1347	-1.46188542508357	4.13737775660901	0.885230290695311	15.253	-15.383
nucl1643	0.997928506682844	-1.12113237488405	-1.07861680954142	35	135
nucl1710	-3.07706755645699	1.60994826697765	-0.297358222367295	-11	310
nyan1307	-1.05803737454794	0.207222966240775	2.14423449475257	-0.464	30.548
nyun1247	1.40998414916648	1.14167143228438	1.88933843742043	-33.12	118.151
otom1299	0.651290019900516	1.37913143845239	1.12798962674122	17.67	262.58
pama1250	-3.32070284799356	0.925492617793732	-1.7655811020967	-12.17	142.49
pano1254	-3.11172894098591	-0.348291146152587	0.526508682260556	-7.975	288.438
pano1259	-3.23465711266783	-0.316661348727118	1.26605718960589	-7.5	285
pare1266	-1.44683135271168	1.44275541234665	-0.487910230848319	19.075	83.972
peno1244	-0.0758108103401754	1.37658330967597	0.785572960422867	17.067	262.99
poli1260	3.30611095762905	-0.548859288566113	-0.0431376870562459	51.844	18.626
pott1240	-1.44400934849216	1.36300686201956	-1.23361353271133	18.597	82.759
pula1263	-1.97882249458668	3.66741525711246	0.271479894588778	13.869	-13.448
rian1262	-2.68611717923744	0.127242213457249	-2.95430098480591	23.68	92.032
rund1242	-1.51553130320428	0.318769134340493	0.994989395823174	-1.442	31.319
russ1263	4.96727758846752	-1.24858573917854	-1.00174274470212	59	50
samo1305	-6.44915021662849	-5.00940587125398	-3.03757737889221	-13.92	188.17
scot1245	1.27685248987292	-4.06944830849623	0.486427243237173	56.757	-5.244
sere1260	-2.08913182283284	3.34910846907252	0.155034115031363	13.894	-16.392
shua1257	-4.01750223975544	-4.09064266008563	1.0036804588891	-3.451	281.811
sici1248	1.61523885600594	0.455773577042293	1.02872164975754	37.574	14.041
sind1272	-0.191341373618342	4.84062031387719	0.0979359038520134	26	69
sino1245	-1.20247824977154	-0.668131092520526	-3.01496171890369	26.1	94.75
sout2807	2.05314509930701	0.0460051465071859	0.603156743827297	-30.445	27.895
sout3123	1.78675699870877	2.70696381156768	1.50027717752362	31.56	38.084
stan1288	2.85096376876586	-0.400202114164046	0.897423968462594	40.441	-1.118
stan1290	2.54420120364204	-1.29255249540323	1.48625704906933	48	2
stan1293	2.39153056617449	-1.46598260835047	1.21643671710505	53	-1
stan1295	2.70065708971982	-1.32344652824384	0.157356266839423	48.649	12.468
stan1318	0.893044313178159	3.5964446225346	1.22338150608457	27.963	43.853
swis1247	2.11036226055034	-2.554302996957	-0.14268576586655	47.052	8.464
taga1270	-4.03698531149894	-1.00908417867468	-0.12132839069334	14.06	121.747
taik1256	-1.04026141417557	-0.00818804967840638	-1.85982860121605	24	108
tata1255	4.82335019866939	-0.844940354179099	-0.850005418046738	55	50
telu1262	-1.37774298299498	3.17274385893708	0.243770156749218	16.453	78.702
teso1249	-1.93038936338177	0.572651372094543	1.83118288084735	1.183	33.939
thai1261	-2.50188154168161	1.75176559027976	-0.100429252923869	14.192	100.671
ticu1244	-4.30550218290844	-2.66147908229168	0.996008573836471	-3.66	290.13
ticu1245	-4.30550218290844	-2.66147908229168	0.996008573836471	-3.663	290.128
tigr1270	0.313540150764266	1.98419427112355	1.24823793406308	17.349	38.223
tong1325	-2.3505571784178	-1.49390551683395	0.651019320772282	-21.17	184.75
tswa1253	0.730356911962957	2.3058256695346	0.830875460257867	-24.368	24.759
tuni1259	1.38507006138307	2.44509896199289	1.43972259999401	33.797	9.562
tupi1275	-3.1214144553883	0.577916874228242	-0.0658898552907582	-8	298
turk1311	7.41137190614478	-0.73173308767066	-3.05328200763873	56	125
tzel1254	-0.260781757307315	-0.33964937599158	0.878817464786137	16.638	267.721
tzot1259	-1.54267887460307	1.36869954313388	-0.00917425027462059	16.64	267.26
ukra1253	3.50717566215738	-1.91106671779112	-0.202617487728845	48.176	24.396
ural1272	5.02767107757318	-1.81584519776448	-0.162479488349854	68	30
urdu1245	-0.369228274576402	3.21710724815216	0.471494642879092	25	67
utoa1244	-0.431845838440372	3.76011301595319	0.653727300879989	27.5	249.75
vasa1239	-2.13317275141276	3.43548339153047	-1.33723417767619	21.362	73.865
vend1245	0.120607221346668	2.62106992668056	0.918601207936791	-22.188	29.952
viet1252	-1.8545470788034	0.436008941232713	-2.21484712782904	20.681	105.774
wall1257	-5.14293353294385	-3.47796498860708	0.12930442320656	-13.29	183.793
wels1247	1.65651552423595	-2.87891305490937	1.08196725687614	52	-4
west2369	2.39516158100512	2.25132977401967	1.28315686975225	28.659	55.159
west2386	-0.0545150488302929	3.90579159086236	-0.415134665800179	30.095	75.347
xava1240	-2.04344729748703	1.69014780832777	0.085753740825895	-14.302	307.563
xhos1239	1.82119740129623	-0.00655476881125017	0.648602351613244	-31.039	28.077
yano1261	-4.153880321362	-2.40167638711562	1.24628862783544	1.68	295.122
yano1268	-4.153880321362	-2.40167638711562	1.24628862783544	1.68	295.12
yoru1245	-2.72131461844219	0.8944782525644	1.01745532870072	7.153	3.672
yuca1254	-1.87262623325523	1.10882329776951	0.967969479368649	18.776	271.043
yucu1253	-4.9192470888321	-3.63402341886978	1.16420019096124	-0.761	288.997
yuec1235	-1.13075495045521	0.100087968195879	-1.61677409482577	23	113
zulu1248	-0.287433547655903	1.36346274277886	0.636779639365172	-25.331	31.351
